MSE,abs_error,abs_target_sum,abs_target_mean,seasonal_error,MASE,MAPE,sMAPE,MSIS,num_masked_target_values,QuantileLoss[0.1],Coverage[0.1],QuantileLoss[0.2],Coverage[0.2],QuantileLoss[0.3],Coverage[0.3],QuantileLoss[0.4],Coverage[0.4],QuantileLoss[0.5],Coverage[0.5],QuantileLoss[0.6],Coverage[0.6],QuantileLoss[0.7],Coverage[0.7],QuantileLoss[0.8],Coverage[0.8],QuantileLoss[0.9],Coverage[0.9],RMSE,NRMSE,ND,wQuantileLoss[0.1],wQuantileLoss[0.2],wQuantileLoss[0.3],wQuantileLoss[0.4],wQuantileLoss[0.5],wQuantileLoss[0.6],wQuantileLoss[0.7],wQuantileLoss[0.8],wQuantileLoss[0.9],mean_absolute_QuantileLoss,mean_wQuantileLoss,MAE_Coverage,OWA,context_length,rope_scaling,dataset,train_size,test_size,forecast_horizon
0.11962145566940308,3.319075107574463,4.846297740936279,0.48462977409362795,0.17811612556317102,1.86343325012272,0.6963555335998535,1.1518779754638673,5.550008382815595,0.0,1.1919831395149232,0.0,2.032154178619385,0.0,2.6694761037826535,0.0,3.100126886367798,0.0,3.319075420498848,0.0,3.3931726813316345,0.0,3.219071841239929,0.0,2.6124974250793462,0.1,1.6795515477657317,0.4,0.34586334825968923,0.7136650836332442,0.6848681787622143,0.2459574717100725,0.41932095121889545,0.5508279198848655,0.6396897285491316,0.6848682433319955,0.7001577003141559,0.664233196827486,0.5390707638558389,0.3465638385315656,2.5796788026889166,0.5322988682471119,0.23333333333333334,,32,True,climate,large,small,10
0.12753475904464723,3.36080265045166,4.846297740936279,0.48462977409362795,0.17811612556317102,1.8868604062801215,0.6994637012481689,1.133726215362549,9.661216883936632,0.0,1.130906927585602,0.0,1.9397164940834046,0.0,2.6262971341609953,0.0,3.0666362047195435,0.0,3.3608025312423706,0.0,3.544042700529098,0.0,3.470903372764587,0.0,3.1844556331634526,0.1,2.19498987197876,0.3,0.3571200905082872,0.7368925922394802,0.6934783684591304,0.23335481805686928,0.40024707473062965,0.5419182383238402,0.6327791581635439,0.6934783438611184,0.7312886846783804,0.7161968905554752,0.6570903818526496,0.4529209696378868,2.724305652247535,0.562141617762266,0.26666666666666666,,64,True,climate,large,small,10
0.10866162776947022,3.114734411239624,4.846297740936279,0.48462977409362795,0.17811612556317102,1.748709950540074,0.655938196182251,1.0382192611694336,6.728506588919336,0.0,1.115342551469803,0.0,1.957808291912079,0.0,2.4982398927211764,0.0,2.8483056783676144,0.0,3.1147343814373016,0.0,3.187686502933502,0.0,2.970096245408058,0.0,2.4006922483444213,0.1,1.4889299631118775,0.5,0.3296386320950113,0.6801865046602086,0.6427038902149403,0.23014321675876329,0.4039801920081453,0.5154945127738952,0.5877281650089737,0.6427038840654374,0.6577570494704392,0.6128588056651779,0.4953662314360034,0.30723039373644095,2.397981750633982,0.4948069389914752,0.2222222222222222,,128,True,climate,large,small,10
0.1335221767425537,3.4138925075531006,4.846297740936279,0.48462977409362795,0.17811612556317102,1.9166667233295072,0.7118940353393555,1.1560572624206542,9.34724817654052,0.0,1.2061730325222015,0.0,2.0674957633018494,0.0,2.734042185544967,0.0,3.1780364990234378,0.0,3.4138924926519394,0.0,3.6247710585594177,0.0,3.440090376138687,0.0,2.787595105171204,0.0,1.9420495629310608,0.3,0.3654068646626028,0.7539917772200436,0.7044330930632328,0.24888545793085656,0.4266134426364031,0.5641506840264346,0.6557658379465265,0.7044330899884812,0.7479464226766908,0.7098388419433098,0.5752009583779009,0.40072848734132194,2.710460675093863,0.5592848025408806,0.26666666666666666,,256,True,climate,large,small,10
0.1355135202407837,3.5568647384643555,4.846297740936279,0.48462977409362795,0.17811612556317102,1.9969358345395125,0.7356773853302002,1.2347589492797852,5.238859211794595,0.0,1.2178649425506591,0.0,2.0782881617546085,0.0,2.7454805731773377,0.0,3.209558176994324,0.0,3.556864783167839,0.0,3.7284849464893335,0.0,3.6003662198781963,0.0,3.1207838296890267,0.0,1.6674098908901216,0.3,0.3681216106679744,0.7595934677279139,0.7339344234713049,0.2512980026512721,0.4288403793682503,0.5665109161549214,0.6622701180497949,0.7339344326955594,0.7693470656982395,0.7429106531087015,0.643952145846926,0.34405849166171676,2.769455724954605,0.5714580228039313,0.26666666666666666,,512,True,climate,large,small,10
0.12110649347305298,3.476714611053467,4.846297740936279,0.48462977409362795,0.17811612556317102,1.9519370298790877,0.7220614433288575,1.210758590698242,6.608466407246116,0.0,1.2389087438583377,0.0,2.1031092524528505,0.0,2.797020936012268,0.0,3.2538942575454715,0.0,3.476714923977852,0.0,3.507338047027588,0.0,3.436588221788406,0.1,2.52619514465332,0.1,1.3589608669281008,0.4,0.34800358255778485,0.7180813089922791,0.7173959993596646,0.25564024541731667,0.43396203965927627,0.5771459133404169,0.6714185614433248,0.7173960639294458,0.7237149334431914,0.7091161966298164,0.5212628855455489,0.2804121701910863,2.6331922660271325,0.5433410010666025,0.23333333333333334,,950,True,climate,large,small,10
0.13290927410125733,3.5225627422332764,4.846297740936279,0.48462977409362795,0.17811612556317102,1.9776776140260006,0.7407101631164551,1.2577637672424316,6.987713860341765,0.0,1.1888140916824341,0.0,2.014708423614502,0.0,2.690664446353912,0.0,3.1323523759841914,0.0,3.5225626826286316,0.0,3.760291618108749,0.0,3.6533176362514497,0.0,3.0776428937911993,0.1,1.7186854720115663,0.5,0.3645672422218668,0.752259274419723,0.7268564439362605,0.24530356062125921,0.4157211404071246,0.5551999877403508,0.6463392353147162,0.7268564316372544,0.7759101522685811,0.7538368114266227,0.6350503122816005,0.3546388529730584,2.7510044044918485,0.567650720518952,0.2222222222222222,,32,False,climate,large,small,10
0.16586697101593018,3.993746280670166,4.846297740936279,0.48462977409362795,0.17811612556317102,2.2422148853971877,0.8515339851379394,1.4997636795043945,10.698335097929155,0.0,1.2855247914791108,0.0,2.2460188746452334,0.0,2.9988329887390135,0.0,3.629482674598694,0.0,3.9937461018562317,0.0,4.2294161975383755,0.0,4.130604335665702,0.1,3.5409702301025394,0.1,2.512134480476379,0.2,0.4072676896292292,0.8403686925569439,0.8240819062632737,0.26525914423713354,0.4634504511914933,0.618788433778659,0.748918632039619,0.8240818693662558,0.8727107626534878,0.8523216187843405,0.7306547016689161,0.5183615647995758,3.1740811861223643,0.6549496865021645,0.32222222222222224,,64,False,climate,large,small,10
0.1661475658416748,3.8951427936553955,4.846297740936279,0.48462977409362795,0.17811612556317102,2.1868557837420153,0.8220906257629395,1.464883041381836,12.600732937948242,0.0,1.3913829326629639,0.0,2.384968304634094,0.0,3.127461630105972,0.0,3.656796717643738,0.0,3.895142763853073,0.0,3.9516118347644804,0.0,3.6743228912353514,0.1,3.118039035797119,0.1,2.0887269258499144,0.3,0.4076120285782484,0.8410792121482406,0.8037357591039948,0.2871022390783105,0.49212170446905534,0.6453300637491916,0.7545546957949109,0.8037357529544918,0.8153877549424047,0.758171100425516,0.6433857766226988,0.43099434609776643,3.032050337394079,0.6256426037927052,0.26666666666666666,,128,False,climate,large,small,10
0.1693754553794861,4.080192565917969,4.846297740936279,0.48462977409362795,0.17811612556317102,2.2907485512707715,0.8580324172973632,1.5302041053771973,13.623183780224121,0.0,1.2537800788879396,0.0,2.203870463371277,0.0,2.9967046558856967,0.0,3.6177913665771486,0.0,4.0801922380924225,0.0,4.400744318962097,0.0,4.39722253382206,0.0,3.9274251461029057,0.1,2.888021370768547,0.1,0.4115524940751618,0.8492100900008921,0.8419194989719507,0.25870884248348225,0.4547534182135291,0.6183492670235216,0.7465062115391635,0.841919431327418,0.9080631348316409,0.9073364388405363,0.8103969991212607,0.59592322328314,3.3073057969411215,0.6824396629626324,0.4000000000000001,,256,False,climate,large,small,10
0.13622517585754396,3.753058910369873,4.846297740936279,0.48462977409362795,0.17811612556317102,2.107085418854345,0.7770179748535156,1.3183535575866698,7.130595713359211,0.0,1.3212190628051759,0.0,2.202448666095734,0.0,2.947116404771805,0.0,3.48559365272522,0.0,3.7530588507652283,0.0,3.856056421995163,0.0,3.35684865117073,0.0,2.7375663757324222,0.1,1.1996415615081788,0.5,0.36908694891250754,0.7615853763891978,0.7744177330806756,0.2726244101027774,0.4544600401852802,0.6081170745820577,0.719228128161152,0.7744177207816697,0.7956705568094529,0.692662488071194,0.5648778762824297,0.24753773408821025,2.7621721830632953,0.5699551143404693,0.2222222222222222,,512,False,climate,large,small,10
0.09848992824554444,3.580169916152954,4.846297740936279,0.48462977409362795,0.17811612556317102,2.0100200949426132,0.7451245307922363,1.2533404350280761,8.798116964059531,0.0,1.2721239447593689,0.0,2.190869390964508,0.0,2.855483150482178,0.0,3.3087039470672615,0.0,3.5801700204610825,0.0,3.6341789245605467,0.0,3.131281042098999,0.1,2.1086838841438293,0.4,1.3191990852355957,0.6,0.3138310504802615,0.6475686539631198,0.738743285603679,0.26249397225718146,0.4520707368964177,0.5892091867080609,0.6827281615652523,0.7387433071269394,0.7498876707188119,0.6461181729816814,0.4351123263294266,0.2722076017105654,2.6000770433081524,0.5365079040327042,0.23333333333333328,,950,False,climate,large,small,10
0.0795267629623413,10.938525199890137,10.978708267211914,0.2195741653442383,0.17788784132837487,1.2298226925693019,1.3393710327148438,1.6364506530761718,11.15389585504064,0.0,3.635805369913578,0.04,6.37189130783081,0.18,8.727845709770918,0.24,10.135309914499523,0.3,10.93852505646646,0.32,11.045382967591284,0.42,10.823011338338256,0.52,9.851260085403919,0.6,7.719125375896692,0.68,0.2820048988268489,1.2843264069100961,0.9963399093642205,0.3311687751802248,0.5803862487958228,0.7949792905816404,0.9231787262959511,0.996339896300418,1.0060730915474358,0.9858182834369824,0.8973059348725808,0.7030995986066941,8.805350791745717,0.8020388717353056,0.26,,32,True,climate,large,large,50
0.06759309291839599,10.132872581481934,10.978708267211914,0.2195741653442383,0.17788784132837487,1.1392428516547117,1.3305209350585938,1.5118960571289062,9.660672829118434,0.0,3.6635653719305994,0.06,6.102663686871528,0.22,8.11626731082797,0.24,9.45763155594468,0.26,10.132872743532062,0.38,10.332017739489675,0.46,9.771564297378065,0.52,8.382002662867306,0.62,5.678792465478182,0.74,0.25998671681144786,1.1840496645124559,0.9229567208506595,0.33369730598197017,0.5558635440835267,0.73927342937669,0.8614521240344865,0.9229567356110596,0.9410959366090826,0.8900468123887576,0.7634780393883213,0.5172550656472024,7.959708648257784,0.7250132214578997,0.288888888888889,,64,True,climate,large,large,50
0.07756380081176757,10.62746810913086,10.978708267211914,0.2195741653442383,0.17788784132837487,1.1948504214532478,1.2628012847900392,1.657942657470703,10.268135947043957,0.0,3.605426900088787,0.06,6.514023157954217,0.24,8.675587440282106,0.24,10.135518497973681,0.28,10.627467550337315,0.38,10.745614210516214,0.42,10.589036560058593,0.54,9.744976307451724,0.66,7.2189496293663975,0.66,0.27850278420828684,1.2683768319085398,0.9680071507929545,0.32840174019893137,0.5933323847768548,0.7902193253637939,0.9231977252044822,0.9680070998950226,0.9787685353301682,0.9645065978921143,0.8876250347734669,0.6575408922127847,8.650733361558782,0.7879554817386243,0.25333333333333335,,128,True,climate,large,large,50
0.07471647262573242,10.532280921936035,10.978708267211914,0.2195741653442383,0.17788784132837487,1.1841484885404623,1.3232159423828125,1.6628298950195313,9.596472597171461,0.0,3.772517915070057,0.08,6.428851294517518,0.18,8.510193428397178,0.28,9.760318164527417,0.28,10.532280791550875,0.42,10.716463682055473,0.5,10.338710417598486,0.62,9.321976746618748,0.66,6.864061561226845,0.76,0.2733431408060799,1.2448784235501709,0.9593369880672445,0.34362129161740657,0.5855744717907647,0.7751543461458945,0.8890224539144338,0.9593369761910605,0.9761133478753927,0.941705541850967,0.8490959518852486,0.6252157716701949,8.471708222395845,0.7716489058823738,0.30000000000000004,,256,True,climate,large,large,50
0.07854901313781738,10.95319652557373,10.978708267211914,0.2195741653442383,0.17788784132837487,1.2314721954891232,1.2079849243164062,1.7431546020507813,8.83717029081527,0.0,3.7331691011786465,0.08,6.640951010584832,0.22,9.035196442902087,0.28,10.333895679563284,0.32,10.953196452464908,0.34,11.078995926119385,0.42,10.760978687554598,0.56,9.541387759149076,0.62,6.987869979441166,0.68,0.28026596856881747,1.2764068492731344,0.9976762528872022,0.3400371892864496,0.6048936586117455,0.8229744540972862,0.9412669895260471,0.9976762462280561,1.0091347412160483,0.9801680148194147,0.8690810910464377,0.6364929105831649,8.785071226550887,0.8001916994905167,0.26,,512,True,climate,large,large,50
0.07037328720092774,10.568975448608398,10.978708267211914,0.2195741653442383,0.17788784132837487,1.1882740686136533,1.4284613037109375,1.6815113830566406,7.561666210344557,0.0,3.6328441858291627,0.1,6.459174853563309,0.24,8.453734806179998,0.28,9.815251150727272,0.32,10.56897489540279,0.4,10.488813588023188,0.44,9.85395878367126,0.62,8.406205615401268,0.68,5.954442080855369,0.82,0.2652796396275593,1.2081550632865485,0.9626793235933603,0.33089905455259333,0.5883365052019587,0.7700117901326525,0.8940260467655085,0.9626792732044078,0.9553777487054825,0.8975517468753827,0.7656825749260989,0.5423627202699615,8.181488884405958,0.7452141622926719,0.33777777777777773,,950,True,climate,large,large,50
0.09574907302856445,12.33677864074707,10.978708267211914,0.2195741653442383,0.17788784132837487,1.3870288771421762,1.6346554565429687,1.8148611450195313,10.504642756485488,0.0,3.961101676523686,0.04,6.8997042864561084,0.22,9.5486402310431,0.26,11.350556237995624,0.32,12.336778106167912,0.34,12.632254622876644,0.36,12.142427834123374,0.5,11.193204076588154,0.6,8.697961236536504,0.66,0.3094334710863782,1.4092435264470327,1.1237003789955011,0.36079851837884963,0.6284623034444029,0.8697416853274319,1.0338699200063672,1.1237003303031465,1.1506139261030437,1.1059978586357857,1.0195374359310407,0.79225725147585,9.862514256479011,0.8983310255117686,0.25333333333333335,,32,False,climate,large,large,50
0.0678785228729248,10.190475463867188,10.978708267211914,0.2195741653442383,0.17788784132837487,1.1457191663882096,1.466974334716797,1.4183566284179687,6.896046320077679,0.0,3.580757720768452,0.06,6.384461426734925,0.2,8.244677299261092,0.24,9.39503318965435,0.32,10.190475630108267,0.4,10.434165778756142,0.52,9.923883530497552,0.58,8.463976642489433,0.64,5.9153346173465255,0.76,0.26053507033204726,1.1865470144158003,0.9282035022554705,0.32615473820927016,0.5815312030653205,0.750969704139416,0.8557503269954596,0.9282035173976053,0.9504001313085205,0.9039208701933894,0.7709446718579118,0.5388006014343933,8.059196203957416,0.7340750849556985,0.30000000000000004,,64,False,climate,large,large,50
0.0861369514465332,11.253714561462402,10.978708267211914,0.2195741653442383,0.17788784132837487,1.2652595565189224,1.213402328491211,1.689046630859375,9.480821255429,0.0,3.9286048516631125,0.08,6.9070063829422,0.24,9.122169974446296,0.26,10.506089111045004,0.32,11.253714761696756,0.38,11.416545993089676,0.48,11.165455527603626,0.6,10.35217512100935,0.66,7.81535868793726,0.72,0.29349097336465596,1.3366370898167108,1.0250490574625977,0.35783853218834066,0.6291274178010616,0.8308964727380361,0.9569512965766296,1.0250490757010233,1.0398806230406332,1.017009948333306,0.942931979705325,0.7118650480291887,9.163013379048143,0.8346167104570604,0.27777777777777785,,128,False,climate,large,large,50
0.07695026397705078,10.925106048583984,10.978708267211914,0.2195741653442383,0.17788784132837487,1.228313972107471,1.1245693206787108,1.6380294799804687,9.739049522196915,0.0,3.8130908161401753,0.1,6.960895481705666,0.26,9.203998130559922,0.28,10.371887344494462,0.34,10.925106012262404,0.38,11.199479966610673,0.44,10.42574466764927,0.52,9.428757818043232,0.66,6.846868434548378,0.72,0.2773991059413328,1.26335038325861,0.9951176206413997,0.3473168904148798,0.6340359277506709,0.8383498228154771,0.944727475405305,0.9951176173330342,1.0201090778646607,0.9496330910609878,0.8588221481576632,0.6236497289026851,8.797314296890466,0.8013068644117071,0.27777777777777785,,256,False,climate,large,large,50
0.07592145442962646,10.880030632019043,10.978708267211914,0.2195741653442383,0.17788784132837487,1.22324612528575,1.3594076538085937,1.604771728515625,8.727093634187689,0.0,3.4792587429285056,0.08,6.565143954753876,0.26,8.861510770022868,0.32,10.204975132271647,0.38,10.880030730739236,0.38,11.016460329294205,0.5,10.6914952352643,0.62,9.806343698501587,0.66,7.228591984510421,0.68,0.2755384808509085,1.2548765945161713,0.9910119084330191,0.31690966352748134,0.5979887428433436,0.8071542256467374,0.929524210307051,0.9910119174249871,1.003438661558668,0.9738390869893702,0.8932147079441384,0.6584191699581567,8.748201175365182,0.7968333762444372,0.26,,512,False,climate,large,large,50
0.0718535327911377,10.833894729614258,10.978708267211914,0.2195741653442383,0.17788784132837487,1.2180590476237505,1.511400146484375,1.6388185119628906,7.173793275842233,0.0,3.7817565500736237,0.2,6.73423476666212,0.24,8.779379653558134,0.3,10.030547832138836,0.4,10.833894230425358,0.42,10.869701662659645,0.46,10.401106102764606,0.62,9.358667604625223,0.66,6.638839849829673,0.78,0.26805509282820517,1.2207952261048594,0.9868096014510064,0.3444627963535473,0.6133904465586374,0.79967328030547,0.9136364304437551,0.9868095559821873,0.9900710901593206,0.9473888775993505,0.8524379532494758,0.6047013626964362,8.603125361415247,0.7836190881497977,0.3111111111111111,,950,False,climate,large,large,50
1.8751399993896485,9.71677017211914,110.99999237060547,11.099999237060548,1.8587991465692935,0.5227444928653517,0.08397051692008972,0.08841456174850464,3.5039447037996734,0.0,7.099473190307618,0.0,9.54422721862793,0.0,10.769147300720213,0.0,11.315233612060547,0.0,9.71677017211914,0.0,6.613036346435547,0.1,3.9731098175048833,0.4,2.3058345794677733,0.7,1.4822576522827147,1.0,1.3693575133578697,0.12336555022327163,0.0875384760358983,0.06395922232682666,0.0859840349066131,0.09701935171999211,0.1019390485567006,0.0875384760358983,0.05957690811685842,0.035793784599908,0.020773285927525833,0.01335367346092935,6.97989887661404,0.06288197618347248,0.5,,32,True,weather,large,small,10
2.144537353515625,11.926104545593262,110.99999237060547,11.099999237060548,1.8587991465692935,0.6416026480109357,0.10044634342193604,0.10746616125106812,4.111028974024028,0.0,6.797212982177736,0.0,10.011898231506349,0.0,12.367925834655761,0.0,13.381095886230469,0.0,11.926104545593262,0.0,8.721781539916993,0.0,5.211353874206543,0.6,3.7910896301269528,0.8,2.134008979797363,1.0,1.4644238981646076,0.13193008998371875,0.10744239067850135,0.0612361572015544,0.09019728756447785,0.11142276292562144,0.12055042167529006,0.10744239067850135,0.07857461386841191,0.04694913722882913,0.03415396297928839,0.019225307445719084,8.260274611579046,0.07441689350752151,0.5,,64,True,weather,large,small,10
2.215886116027832,16.20676040649414,110.99999237060547,11.099999237060548,1.8587991465692935,0.8718941170382108,0.1449904441833496,0.15704810619354248,5.251206555024948,0.0,8.533011627197265,0.0,13.528441238403321,0.0,16.414169597625733,0.0,17.27210578918457,0.0,16.206761837005615,0.0,13.254378890991209,0.0,6.470044898986815,0.3,3.4697978973388666,0.8,3.560217666625976,1.0,1.4885852733477623,0.1341067906002814,0.14600686054448725,0.07687398390720016,0.12187785737168991,0.1478754119443747,0.1556045673545334,0.14600687343197888,0.11940882704511947,0.058288696790038556,0.03125944266513052,0.03207403523722022,10.96765882703993,0.09880774397192066,0.5,,128,True,weather,large,small,10
6.824200439453125,26.687274932861328,110.99999237060547,11.099999237060548,1.8587991465692935,1.4357266615985325,0.22901763916015624,0.26363751888275144,6.35293751918396,0.0,11.433195781707765,0.0,17.97636013031006,0.0,23.046114921569824,0.0,26.40259628295898,0.0,26.687275409698486,0.0,24.085467910766603,0.0,15.498875999450682,0.1,3.731455612182617,0.5,2.0978990554809567,1.0,2.6123170633468527,0.23534389575675635,0.24042591682131084,0.10300177087881902,0.16194920149445416,0.20762267122166753,0.2378612441233897,0.2404259211171414,0.21698621230846868,0.13962952310576038,0.033616719537457956,0.018899992789878004,16.77324901156955,0.15111036184189297,0.5,,256,True,weather,large,small,10
5.3715873718261715,27.882984161376953,110.99999237060547,11.099999237060548,1.8587991465692935,1.50005363478025,0.2405329942703247,0.27794318199157714,8.528171331491674,0.0,11.477677440643312,0.0,18.62765102386475,0.0,23.7935751914978,0.0,26.514803695678715,0.0,27.88298511505127,0.0,26.016159439086913,0.0,20.332557678222653,0.1,6.911272430419922,0.3,3.630543899536132,1.0,2.3176685206962127,0.20879898017992723,0.251198072773569,0.10340250657244893,0.16781668742526548,0.21435654799016646,0.2388721217849403,0.2511980813652301,0.23437983087624426,0.1831762078896055,0.062263719868958615,0.032707604946624814,18.35413621266683,0.1653525898577205,0.5,,512,True,weather,large,small,10
3.621105194091797,22.581117630004883,110.99999237060547,11.099999237060548,1.8587991465692935,1.214822896367361,0.19829500913619996,0.2215801000595093,9.434587161202362,0.0,12.728367042541505,0.0,19.322294807434083,0.0,22.964729690551756,0.0,24.154224777221685,0.0,22.581119060516357,0.0,18.417860412597655,0.0,10.009704208374023,0.1,2.7010746002197257,0.9,5.025632667541503,1.0,1.902920175438738,0.17143426182276575,0.2034335061448591,0.11466998123787417,0.17407473995963021,0.2068894708918302,0.2176056435803693,0.20343351903235077,0.1659266817884484,0.09017752158895417,0.02433400707994114,0.0452759730898177,15.322778585222036,0.13804305980546847,0.5,,950,True,weather,large,small,10
1.9978340148925782,7.79318904876709,110.99999237060547,11.099999237060548,1.8587991465692935,0.4192593408034777,0.06307685375213623,0.0672295331954956,3.196725369581201,0.0,6.660746002197267,0.0,8.968976974487306,0.0,9.97144374847412,0.0,9.325071716308594,0.0,7.79318904876709,0.0,5.525209426879883,0.2,4.611850738525391,0.7,4.310444259643555,0.8,2.223182678222656,0.9,1.4134475635454533,0.1273376270897615,0.07020891517494238,0.060006724864975186,0.08080159991850983,0.08983283273733553,0.0840096608761391,0.07020891517494238,0.049776664924736015,0.041548207707324855,0.038832833837068155,0.020028674153417234,6.5989016215006515,0.059449568243827584,0.4,,32,False,weather,large,small,10
11.394456481933593,26.116071701049805,110.99999237060547,11.099999237060548,1.8587991465692935,1.4049969707190326,0.2186758279800415,0.2550758123397827,7.292799894354384,0.0,10.587102890014648,0.0,17.13444766998291,0.0,22.062377071380617,0.0,25.454875946044925,0.0,26.116071701049805,0.0,21.891442108154298,0.0,16.305134201049803,0.0,10.044752502441407,0.2,3.142304229736328,0.8,3.375567579227765,0.30410520821996634,0.23527994140624597,0.09537931187118062,0.1543644040332419,0.1987601674576608,0.22932322248326364,0.23527994140624597,0.19722021272815415,0.14689311100680452,0.09049327200766019,0.028309049060515602,16.97094536887275,0.15289141022830305,0.32222222222222224,,64,False,weather,large,small,10
4.678805541992188,8.735130310058594,110.99999237060547,11.099999237060548,1.8587991465692935,0.4699340607176764,0.07547147274017334,0.07908408641815186,10.797371351478683,0.0,9.370353698730469,0.0,11.974278068542482,0.0,12.261792755126953,0.0,11.56123046875,0.0,8.735130310058594,0.0,5.051667785644531,0.1,2.9410755157470705,0.8,2.887068939208984,1.0,3.811930656433105,1.0,2.1630546784564157,0.19486980424597095,0.0786948730671426,0.08441760669176303,0.10787638641057652,0.11046660899027293,0.10415523660712966,0.0786948730671426,0.045510523719479924,0.02649617763871048,0.026009631870691236,0.03434171998594266,7.621614244249132,0.06866319610907878,0.5,,128,False,weather,large,small,10
0.8943601608276367,6.957798004150391,110.99999237060547,11.099999237060548,1.8587991465692935,0.3743168279903777,0.06157262921333313,0.06061305403709412,9.924993932515294,0.0,8.283604621887207,0.0,10.489049911499023,0.0,9.52231979370117,0.0,5.621017074584961,0.2,6.957798004150391,0.6,9.170100402832032,0.8,13.368886184692386,1.0,14.581945037841791,1.0,11.275626373291013,1.0,0.9457061704502285,0.08519875995060575,0.06268286921065523,0.07462707379501438,0.09449595164365694,0.08578667070451826,0.05063979694536892,0.06268286921065523,0.08261352282092965,0.12044042435657568,0.13136888324420568,0.10158222656127835,9.918927489386665,0.08935971325357812,0.5,,256,False,weather,large,small,10
0.7661817073822021,16.889259338378906,110.99999237060547,11.099999237060548,1.8587991465692935,0.9086113133606013,0.15017725229263307,0.16296056509017945,10.120638656301976,0.0,10.247590637207033,0.0,16.394798278808594,0.0,18.748262214660645,0.0,19.893896484375,0.0,16.88925838470459,0.0,10.098298645019531,0.0,2.0782880783081055,0.8,7.03752098083496,1.0,9.104024124145505,1.0,0.8753180606969115,0.07885748836580185,0.1521554999930923,0.09232064271673548,0.14770089554663962,0.16890327480441772,0.17922430497070208,0.1521554914014312,0.09097566972170097,0.01872331730770883,0.0634010942751975,0.08201824099004526,12.276881980895999,0.11060254797050875,0.5,,512,False,weather,large,small,10
0.8118614196777344,11.285469055175781,110.99999237060547,11.099999237060548,1.8587991465692935,0.6071376283986837,0.1050109624862671,0.11172991991043091,15.095393636993098,0.0,11.329981803894043,0.0,17.17399139404297,0.0,19.349163722991943,0.0,17.63592338562012,0.0,11.28546953201294,0.0,5.617492294311523,0.3,10.992881393432619,0.8,16.116376113891597,1.0,16.325764846801754,1.0,0.9010335286090826,0.08117419734595317,0.10167089937714581,0.10207191515892751,0.15472065382403496,0.174316802278591,0.15888220358373997,0.10167090367297636,0.050608042165948136,0.099034974315401,0.14519258758219036,0.1470789726930204,13.980782720777723,0.12595300614164776,0.5,,950,False,weather,large,small,10
6.187282104492187,118.43740844726562,443.4000244140625,8.86800048828125,1.8546436548747975,1.2771985403876525,0.2706922721862793,0.25454227447509764,11.043148856761857,0.0,67.0469343185425,0.12,87.9135829925537,0.16,84.63880071640016,0.2,98.10536537170411,0.7,118.43739938735962,0.72,118.48907947540285,0.74,102.7588836669922,0.84,88.72308959960937,0.98,63.37276506423949,1.0,2.4874247937359204,0.28049443581142836,0.2671118672214249,0.15121093961855925,0.19827148884064316,0.19088587292760606,0.22125701391502378,0.26711184678862043,0.26722840088243566,0.2317520929386155,0.20009716895449836,0.1429245863213119,92.16510006586711,0.20785993457636823,0.5,,32,True,weather,large,large,50
6.56751953125,115.90461730957031,443.4000244140625,8.86800048828125,1.8546436548747975,1.2498855724108873,0.2796674919128418,0.23748104095458986,10.664564717415475,0.0,44.65364069938659,0.06,54.65643501281738,0.16,76.55465526580811,0.54,104.38937664031982,0.72,115.90462017059326,0.8,117.52851753234864,0.96,116.4264675140381,0.98,103.76124305725095,1.0,71.29026079177856,1.0,2.562717216403324,0.28898478521622367,0.2613996637973446,0.10070734831012877,0.1232666486318848,0.1726537010614115,0.23542934346534308,0.26139967024980915,0.26506204569487435,0.26257659247513926,0.23401271390178152,0.16078091309531642,89.46280185381572,0.20176544187618764,0.5,,64,True,weather,large,large,50
10.388201904296874,116.80390167236328,443.4000244140625,8.86800048828125,1.8546436548747975,1.2595832236058135,0.2805963897705078,0.23692516326904298,15.62323027724688,0.0,40.81586728096008,0.02,48.900799942016604,0.16,72.65354108810425,0.52,101.39706268310546,0.68,116.8039026260376,0.78,124.53817939758301,0.92,131.19843864440918,1.0,119.67168827056881,1.0,98.04384784698485,1.0,3.223073363157729,0.36344984051556006,0.2634278196685161,0.09205201856922945,0.11028596583105128,0.16385551891683664,0.2286807783041918,0.2634278218193376,0.2808709349129058,0.29589181646478996,0.26989553829797536,0.22111827345193844,94.89148086441885,0.21400874072980625,0.5,,128,True,weather,large,large,50
4.180770568847656,81.33583068847656,443.4000244140625,8.86800048828125,1.8546436548747975,0.8771046715598566,0.17898191452026369,0.19852712631225586,13.765941214765206,0.0,64.90871076583862,0.0,88.08470811843871,0.0,96.55958847999572,0.04,92.66720485687257,0.1,81.33583402633667,0.26,72.09821376800537,0.46,59.97302675247193,0.72,51.28674964904784,0.9,46.767477798461904,1.0,2.0446932701135534,0.23056981929754553,0.18343668518277373,0.14638860440211565,0.1986574273080827,0.21777082355283092,0.208992331426524,0.18343669271064905,0.1626030893058263,0.13525715708230773,0.11566699780141301,0.10547468476183211,72.63127935727437,0.16380531203906462,0.5,,256,True,weather,large,large,50
12.415172119140625,120.34735107421875,443.4000244140625,8.86800048828125,1.8546436548747975,1.297794870274884,0.28354841232299804,0.24680747985839843,16.694323679372882,0.0,45.17999181747437,0.0,58.172264671325685,0.1,68.82899074554443,0.32,89.40832405090332,0.62,120.34734773635864,0.76,131.302299118042,0.76,141.6390516281128,0.98,140.5665073394775,1.0,109.00014657974242,1.0,3.523517009912202,0.39732936579879596,0.27141936050466736,0.1018944278976487,0.13119589866554085,0.15523001117670102,0.2016425780965016,0.27141935297679204,0.296126052973392,0.31943852915949617,0.3170196202069028,0.245828012129188,100.49388040966457,0.22664383147579592,0.5,,512,True,weather,large,large,50
4.17106201171875,65.58061981201172,443.4000244140625,8.86800048828125,1.8546436548747975,0.7072045310659842,0.1462356472015381,0.149404878616333,19.510608927850363,0.0,66.89579405784608,0.0,81.43882131576538,0.0,81.16886854171753,0.04,71.91121711730958,0.18,65.58062362670898,0.48,70.83417892456053,0.7,82.77835597991944,0.94,108.21410160064694,1.0,109.64522609710693,1.0,2.042317803800072,0.23030194985881236,0.14790396076020562,0.1508700730141964,0.18366895992706342,0.18306013548145228,0.16218135579116782,0.14790396936349173,0.1597523117373875,0.18669001222836673,0.24405524502089973,0.2472828598554978,82.05190969573127,0.18505165804661372,0.5,,950,True,weather,large,large,50
8.428047485351563,123.05509948730469,443.4000244140625,8.86800048828125,1.8546436548747975,1.326994532495374,0.27847484588623045,0.2552093505859375,14.92884649669083,0.0,83.3429913520813,0.28,118.34857063293457,0.36,135.26272687911987,0.42,135.18764095306398,0.44,123.05509853363037,0.58,116.0022102355957,0.78,114.68922939300539,0.9,90.80059242248534,0.96,56.20035495758055,1.0,2.903109967836486,0.32736917095041246,0.27752614504231854,0.187963434287619,0.266911511313803,0.3050580050325094,0.30488866375618645,0.277526142891497,0.2616197651068886,0.2586585996348628,0.2047825607192402,0.12674865102194646,108.09882392883301,0.24379525930717255,0.5,,32,False,weather,large,large,50
4.288786926269531,111.27468872070312,443.4000244140625,8.86800048828125,1.8546436548747975,1.1999576137251553,0.2736537933349609,0.23397623062133788,15.384287181245552,0.0,58.72733693122864,0.08,63.46300277709962,0.18,77.81172885894776,0.52,98.2566219329834,0.72,111.27469062805176,0.8,110.83792152404786,0.9,100.6485414505005,0.98,85.51131629943846,1.0,57.927244377136226,1.0,2.0709386582585037,0.23352938026956313,0.2509577866346505,0.1324477530393345,0.14312809941984947,0.1754887789232155,0.2215981428120715,0.25095779093629356,0.24997274564997207,0.22699263849501136,0.19285365717432842,0.13064330443753366,84.93982275327046,0.19156476787640112,0.5,,64,False,weather,large,large,50
25.6532958984375,215.97061157226562,443.4000244140625,8.86800048828125,1.8546436548747975,2.328971508942997,0.5210163497924805,0.40178260803222654,10.646223008540586,0.0,96.0570342063904,0.74,171.15305747985843,0.94,207.28091907501215,0.98,217.32905502319335,1.0,215.97062969207764,1.0,199.3526138305664,1.0,177.11862001419067,1.0,144.6459127426147,1.0,96.08752765655517,1.0,5.0649082813450335,0.5711443394751873,0.48707848371831547,0.21663741298464378,0.38600146156065546,0.46748062170029553,0.4901421810032285,0.4870785245839244,0.4495999162246413,0.39945559373445383,0.3262199025220154,0.21670618485763832,169.44392996893987,0.3821468665746107,0.5,,128,False,weather,large,large,50
3.54035400390625,97.72796630859375,443.4000244140625,8.86800048828125,1.8546436548747975,1.0538732446173453,0.22390806198120117,0.2636377143859863,10.316679097595193,0.0,56.63625507354737,0.0,89.10186519622802,0.0,103.34456591606138,0.0,107.2268846511841,0.0,97.72796201705933,0.06,83.39365787506104,0.18,57.51790904998779,0.44,47.70267620086669,0.68,37.904166984558096,0.94,1.881582845347568,0.21217667362941775,0.22040586587187905,0.12773173647969502,0.20095142149343134,0.23307298201579393,0.24182877480189732,0.22040585619318218,0.18807770248831812,0.1297201305435102,0.10758383756046043,0.08548526138366166,75.61732699606152,0.17053974477332778,0.43999999999999995,,256,False,weather,large,large,50
1.2888053894042968,58.834190368652344,443.4000244140625,8.86800048828125,1.8546436548747975,0.6344527717118154,0.13728974342346192,0.151869478225708,12.355794409828004,0.0,48.51246585845947,0.0,71.51999435424804,0.0,80.42677445411681,0.0,73.36594314575197,0.04,58.834189891815186,0.18,49.85771217346191,0.42,51.28708820343019,0.64,56.290835762023924,0.92,53.694814968109114,0.98,1.1352556493602208,0.12801709369100972,0.13268873957866748,0.10941015603814408,0.16129903115986335,0.1813864908113119,0.16546219915685048,0.13268873850325671,0.11244408982463887,0.1156677613430542,0.12695271236489056,0.12109790710784223,60.421090979046284,0.13626767625665026,0.48000000000000004,,512,False,weather,large,large,50
5.156412963867187,76.8283920288086,443.4000244140625,8.86800048828125,1.8546436548747975,0.8284976127556437,0.17179048538208008,0.17976390838623046,17.123357884577096,0.0,55.880368328094484,0.0,78.8228006362915,0.0,82.09941473007201,0.0,75.73057537078857,0.14,76.82838821411133,0.32,72.29659671783449,0.48,86.08907918930055,0.82,107.5678367614746,0.96,107.15233373641966,1.0,2.2707736487521575,0.2560637712811253,0.17327105953666694,0.12602698523063552,0.1777690489314994,0.1851587961425205,0.1707951538136784,0.17327105093338083,0.16305050233899263,0.1941566857220277,0.24259772403851737,0.24166064013644947,82.49637707604302,0.18605406525418908,0.5,,950,False,weather,large,large,50
